,key,titulo,entidad,url,edicion,af,escala,clave_carta,datum,iin,upc,imagen,siglas,absoluto,dominio,folder,extension,datos_abiertos,clave,peso,origen,web,control,url.valor,url.target,url.estilo,adicional.estilo,tipo,id
225,889463853473,Modelo digital de elevación tipo terreno con 5m de resolución derivado de datos de sensores remotos satelitales y aerotransportados. E14A39d2,Ciudad de México,/app/biblioteca/ficha.html?upc=889463853473,2021,,1:10 000,e14a39d2,ITRF08 Época 2010.0,False,889463853473,/img/ico/ico_grid.png,MB,,,,grid,,20,4.15,1,False,False,/contenidos/productos/prod_serv/contenidos/espanol/bvinegi/productos/geografia/imagen_cartografica/1_10_000/lidar/Terreno_ASCII/889463853473_gr.zip,_blank,,,Terreno,889463853473_225
211,889463853466,Modelo digital de elevación tipo terreno con 5m de resolución derivado de datos de sensores remotos satelitales y aerotransportados. E14A39d1,Ciudad de México,/app/biblioteca/ficha.html?upc=889463853466,2021,,1:10 000,e14a39d1,ITRF08 Época 2010.0,False,889463853466,/img/ico/ico_grid.png,MB,,,,grid,,20,4.21,1,False,False,/contenidos/productos/prod_serv/contenidos/espanol/bvinegi/productos/geografia/imagen_cartografica/1_10_000/lidar/Terreno_ASCII/889463853466_gr.zip,_blank,,,Terreno,889463853466_211
253,889463853497,Modelo digital de elevación tipo terreno con 5m de resolución derivado de datos de sensores remotos satelitales y aerotransportados. E14A39d4,Ciudad de México,/app/biblioteca/ficha.html?upc=889463853497,2021,,1:10 000,e14a39d4,ITRF08 Época 2010.0,False,889463853497,/img/ico/ico_grid.png,MB,,,,grid,,20,4.21,1,False,False,/contenidos/productos/prod_serv/contenidos/espanol/bvinegi/productos/geografia/imagen_cartografica/1_10_000/lidar/Terreno_ASCII/889463853497_gr.zip,_blank,,,Terreno,889463853497_253
239,889463853480,Modelo digital de elevación tipo terreno con 5m de resolución derivado de datos de sensores remotos satelitales y aerotransportados. E14A39d3,Ciudad de México,/app/biblioteca/ficha.html?upc=889463853480,2021,,1:10 000,e14a39d3,ITRF08 Época 2010.0,False,889463853480,/img/ico/ico_grid.png,MB,,,,grid,,20,4.46,1,False,False,/contenidos/productos/prod_serv/contenidos/espanol/bvinegi/productos/geografia/imagen_cartografica/1_10_000/lidar/Terreno_ASCII/889463853480_gr.zip,_blank,,,Terreno,889463853480_239
478,889463851516,Modelo digital de elevación de tipo terreno con resolución de 1.5 metros generado a partir de datos de altimetría del relieve. E14A49c1,Ciudad de México,/app/biblioteca/ficha.html?upc=889463851516,2021,,1:10 000,e14a49c1,ITRF08 Época 2010.0,False,889463851516,/img/ico/ico_bil.png,MB,,,,bil,,3,47.87,1,False,False,/contenidos/productos/prod_serv/contenidos/espanol/bvinegi/productos/geografia/imagen_cartografica/1_10_000/lidar/1_5m/terreno/889463851516_b.zip,_blank,,margin-right:10px;,Terreno,889463851516_478
492,889463851523,Modelo digital de elevación de tipo terreno con resolución de 1.5 metros generado a partir de datos de altimetría del relieve. E14A49c2,Ciudad de México,/app/biblioteca/ficha.html?upc=889463851523,2021,,1:10 000,e14a49c2,ITRF08 Época 2010.0,False,889463851523,/img/ico/ico_bil.png,MB,,,,bil,,3,49.96,1,False,False,/contenidos/productos/prod_serv/contenidos/espanol/bvinegi/productos/geografia/imagen_cartografica/1_10_000/lidar/1_5m/terreno/889463851523_b.zip,_blank,,margin-right:10px;,Terreno,889463851523_492
520,889463851547,Modelo digital de elevación de tipo terreno con resolución de 1.5 metros generado a partir de datos de altimetría del relieve. E14A49c4,Ciudad de México,/app/biblioteca/ficha.html?upc=889463851547,2021,,1:10 000,e14a49c4,ITRF08 Época 2010.0,False,889463851547,/img/ico/ico_bil.png,MB,,,,bil,,3,49.98,1,False,False,/contenidos/productos/prod_serv/contenidos/espanol/bvinegi/productos/geografia/imagen_cartografica/1_10_000/lidar/1_5m/terreno/889463851547_b.zip,_blank,,margin-right:10px;,Terreno,889463851547_520
436,889463851486,Modelo digital de elevación de tipo terreno con resolución de 1.5 metros generado a partir de datos de altimetría del relieve. E14A49b2,Ciudad de México,/app/biblioteca/ficha.html?upc=889463851486,2021,,1:10 000,e14a49b2,ITRF08 Época 2010.0,False,889463851486,/img/ico/ico_bil.png,MB,,,,bil,,3,50.08,1,False,False,/contenidos/productos/prod_serv/contenidos/espanol/bvinegi/productos/geografia/imagen_cartografica/1_10_000/lidar/1_5m/terreno/889463851486_b.zip,_blank,,margin-right:10px;,Terreno,889463851486_436
464,889463851509,Modelo digital de elevación de tipo terreno con resolución de 1.5 metros generado a partir de datos de altimetría del relieve. E14A49b4,Ciudad de México,/app/biblioteca/ficha.html?upc=889463851509,2021,,1:10 000,e14a49b4,ITRF08 Época 2010.0,False,889463851509,/img/ico/ico_bil.png,MB,,,,bil,,3,50.82,1,False,False,/contenidos/productos/prod_serv/contenidos/espanol/bvinegi/productos/geografia/imagen_cartografica/1_10_000/lidar/1_5m/terreno/889463851509_b.zip,_blank,,margin-right:10px;,Terreno,889463851509_464
422,889463851479,Modelo digital de elevación de tipo terreno con resolución de 1.5 metros generado a partir de datos de altimetría del relieve. E14A49b1,Ciudad de México,/app/biblioteca/ficha.html?upc=889463851479,2021,,1:10 000,e14a49b1,ITRF08 Época 2010.0,False,889463851479,/img/ico/ico_bil.png,MB,,,,bil,,3,51.39,1,False,False,/contenidos/productos/prod_serv/contenidos/espanol/bvinegi/productos/geografia/imagen_cartografica/1_10_000/lidar/1_5m/terreno/889463851479_b.zip,_blank,,margin-right:10px;,Terreno,889463851479_422
450,889463851493,Modelo digital de elevación de tipo terreno con resolución de 1.5 metros generado a partir de datos de altimetría del relieve. E14A49b3,Ciudad de México,/app/biblioteca/ficha.html?upc=889463851493,2021,,1:10 000,e14a49b3,ITRF08 Época 2010.0,False,889463851493,/img/ico/ico_bil.png,MB,,,,bil,,3,52.43,1,False,False,/contenidos/productos/prod_serv/contenidos/espanol/bvinegi/productos/geografia/imagen_cartografica/1_10_000/lidar/1_5m/terreno/889463851493_b.zip,_blank,,margin-right:10px;,Terreno,889463851493_450
506,889463851530,Modelo digital de elevación de tipo terreno con resolución de 1.5 metros generado a partir de datos de altimetría del relieve. E14A49c3,Ciudad de México,/app/biblioteca/ficha.html?upc=889463851530,2021,,1:10 000,e14a49c3,ITRF08 Época 2010.0,False,889463851530,/img/ico/ico_bil.png,MB,,,,bil,,3,52.61,1,False,False,/contenidos/productos/prod_serv/contenidos/espanol/bvinegi/productos/geografia/imagen_cartografica/1_10_000/lidar/1_5m/terreno/889463851530_b.zip,_blank,,margin-right:10px;,Terreno,889463851530_506
134,889463846574,Modelo digital de elevación de tipo terreno con resolución de 1.5 metros generado a partir de datos de altimetría del relieve. E14A39b4,Ciudad de México,/app/biblioteca/ficha.html?upc=889463846574,2020,,1:10 000,e14a39b4,,False,889463846574,/img/ico/ico_bil.png,MB,,,,bil,,3,11.71,1,False,False,/contenidos/productos/prod_serv/contenidos/espanol/bvinegi/productos/geografia/imagen_cartografica/1_10_000/lidar/1_5m/terreno/889463846574_b.zip,_blank,,margin-right:10px;,Terreno,889463846574_134
106,889463846550,Modelo digital de elevación de tipo terreno con resolución de 1.5 metros generado a partir de datos de altimetría del relieve. E14A39b2,Ciudad de México,/app/biblioteca/ficha.html?upc=889463846550,2020,,1:10 000,e14a39b2,,False,889463846550,/img/ico/ico_bil.png,MB,,,,bil,,3,15.39,1,False,False,/contenidos/productos/prod_serv/contenidos/espanol/bvinegi/productos/geografia/imagen_cartografica/1_10_000/lidar/1_5m/terreno/889463846550_b.zip,_blank,,margin-right:10px;,Terreno,889463846550_106
190,889463846611,Modelo digital de elevación de tipo terreno con resolución de 1.5 metros generado a partir de datos de altimetría del relieve. E14A39c4,México,/app/biblioteca/ficha.html?upc=889463846611,2020,,1:10 000,e14a39c4,,False,889463846611,/img/ico/ico_bil.png,MB,,,,bil,,3,17.73,1,False,False,/contenidos/productos/prod_serv/contenidos/espanol/bvinegi/productos/geografia/imagen_cartografica/1_10_000/lidar/1_5m/terreno/889463846611_b.zip,_blank,,margin-right:10px;,Terreno,889463846611_190
176,889463846604,Modelo digital de elevación de tipo terreno con resolución de 1.5 metros generado a partir de datos de altimetría del relieve. E14A39c3,Ciudad de México,/app/biblioteca/ficha.html?upc=889463846604,2020,,1:10 000,e14a39c3,,False,889463846604,/img/ico/ico_bil.png,MB,,,,bil,,3,18.3,1,False,False,/contenidos/productos/prod_serv/contenidos/espanol/bvinegi/productos/geografia/imagen_cartografica/1_10_000/lidar/1_5m/terreno/889463846604_b.zip,_blank,,margin-right:10px;,Terreno,889463846604_176
92,889463846543,Modelo digital de elevación de tipo terreno con resolución de 1.5 metros generado a partir de datos de altimetría del relieve. E14A39b1,Ciudad de México,/app/biblioteca/ficha.html?upc=889463846543,2020,,1:10 000,e14a39b1,,False,889463846543,/img/ico/ico_bil.png,MB,,,,bil,,3,20.23,1,False,False,/contenidos/productos/prod_serv/contenidos/espanol/bvinegi/productos/geografia/imagen_cartografica/1_10_000/lidar/1_5m/terreno/889463846543_b.zip,_blank,,margin-right:10px;,Terreno,889463846543_92
274,889463846635,Modelo digital de elevación de tipo terreno con resolución de 1.5 metros generado a partir de datos de altimetría del relieve. E14A39e2,Ciudad de México,/app/biblioteca/ficha.html?upc=889463846635,2020,,1:10 000,e14a39e2,,False,889463846635,/img/ico/ico_bil.png,MB,,,,bil,,3,22.12,1,False,False,/contenidos/productos/prod_serv/contenidos/espanol/bvinegi/productos/geografia/imagen_cartografica/1_10_000/lidar/1_5m/terreno/889463846635_b.zip,_blank,,margin-right:10px;,Terreno,889463846635_274
148,889463846581,Modelo digital de elevación de tipo terreno con resolución de 1.5 metros generado a partir de datos de altimetría del relieve. E14A39c1,Ciudad de México,/app/biblioteca/ficha.html?upc=889463846581,2020,,1:10 000,e14a39c1,,False,889463846581,/img/ico/ico_bil.png,MB,,,,bil,,3,22.26,1,False,False,/contenidos/productos/prod_serv/contenidos/espanol/bvinegi/productos/geografia/imagen_cartografica/1_10_000/lidar/1_5m/terreno/889463846581_b.zip,_blank,,margin-right:10px;,Terreno,889463846581_148
162,889463846598,Modelo digital de elevación de tipo terreno con resolución de 1.5 metros generado a partir de datos de altimetría del relieve. E14A39c2,México,/app/biblioteca/ficha.html?upc=889463846598,2020,,1:10 000,e14a39c2,,False,889463846598,/img/ico/ico_bil.png,MB,,,,bil,,3,24.45,1,False,False,/contenidos/productos/prod_serv/contenidos/espanol/bvinegi/productos/geografia/imagen_cartografica/1_10_000/lidar/1_5m/terreno/889463846598_b.zip,_blank,,margin-right:10px;,Terreno,889463846598_162
344,889463846680,Modelo digital de elevación de tipo terreno con resolución de 1.5 metros generado a partir de datos de altimetría del relieve. E14A39f3,Ciudad de México,/app/biblioteca/ficha.html?upc=889463846680,2020,,1:10 000,e14a39f3,,False,889463846680,/img/ico/ico_bil.png,MB,,,,bil,,3,28.65,1,False,False,/contenidos/productos/prod_serv/contenidos/espanol/bvinegi/productos/geografia/imagen_cartografica/1_10_000/lidar/1_5m/terreno/889463846680_b.zip,_blank,,margin-right:10px;,Terreno,889463846680_344
316,889463846666,Modelo digital de elevación de tipo terreno con resolución de 1.5 metros generado a partir de datos de altimetría del relieve. E14A39f1,Ciudad de México,/app/biblioteca/ficha.html?upc=889463846666,2020,,1:10 000,e14a39f1,,False,889463846666,/img/ico/ico_bil.png,MB,,,,bil,,3,29.49,1,False,False,/contenidos/productos/prod_serv/contenidos/espanol/bvinegi/productos/geografia/imagen_cartografica/1_10_000/lidar/1_5m/terreno/889463846666_b.zip,_blank,,margin-right:10px;,Terreno,889463846666_316
358,889463846697,Modelo digital de elevación de tipo terreno con resolución de 1.5 metros generado a partir de datos de altimetría del relieve. E14A39f4,Ciudad de México,/app/biblioteca/ficha.html?upc=889463846697,2020,,1:10 000,e14a39f4,,False,889463846697,/img/ico/ico_bil.png,MB,,,,bil,,3,32.38,1,False,False,/contenidos/productos/prod_serv/contenidos/espanol/bvinegi/productos/geografia/imagen_cartografica/1_10_000/lidar/1_5m/terreno/889463846697_b.zip,_blank,,margin-right:10px;,Terreno,889463846697_358
302,889463846659,Modelo digital de elevación de tipo terreno con resolución de 1.5 metros generado a partir de datos de altimetría del relieve. E14A39e4,Ciudad de México,/app/biblioteca/ficha.html?upc=889463846659,2020,,1:10 000,e14a39e4,,False,889463846659,/img/ico/ico_bil.png,MB,,,,bil,,3,32.87,1,False,False,/contenidos/productos/prod_serv/contenidos/espanol/bvinegi/productos/geografia/imagen_cartografica/1_10_000/lidar/1_5m/terreno/889463846659_b.zip,_blank,,margin-right:10px;,Terreno,889463846659_302
120,889463846567,Modelo digital de elevación de tipo terreno con resolución de 1.5 metros generado a partir de datos de altimetría del relieve. E14A39b3,Ciudad de México,/app/biblioteca/ficha.html?upc=889463846567,2020,,1:10 000,e14a39b3,,False,889463846567,/img/ico/ico_bil.png,MB,,,,bil,,3,33.26,1,False,False,/contenidos/productos/prod_serv/contenidos/espanol/bvinegi/productos/geografia/imagen_cartografica/1_10_000/lidar/1_5m/terreno/889463846567_b.zip,_blank,,margin-right:10px;,Terreno,889463846567_120
330,889463846673,Modelo digital de elevación de tipo terreno con resolución de 1.5 metros generado a partir de datos de altimetría del relieve. E14A39f2,Ciudad de México,/app/biblioteca/ficha.html?upc=889463846673,2020,,1:10 000,e14a39f2,,False,889463846673,/img/ico/ico_bil.png,MB,,,,bil,,3,35.61,1,False,False,/contenidos/productos/prod_serv/contenidos/espanol/bvinegi/productos/geografia/imagen_cartografica/1_10_000/lidar/1_5m/terreno/889463846673_b.zip,_blank,,margin-right:10px;,Terreno,889463846673_330
260,889463846628,Modelo digital de elevación de tipo terreno con resolución de 1.5 metros generado a partir de datos de altimetría del relieve. E14A39e1,Ciudad de México,/app/biblioteca/ficha.html?upc=889463846628,2020,,1:10 000,e14a39e1,,False,889463846628,/img/ico/ico_bil.png,MB,,,,bil,,3,38.85,1,False,False,/contenidos/productos/prod_serv/contenidos/espanol/bvinegi/productos/geografia/imagen_cartografica/1_10_000/lidar/1_5m/terreno/889463846628_b.zip,_blank,,margin-right:10px;,Terreno,889463846628_260
50,889463846512,Modelo digital de elevación de tipo terreno con resolución de 1.5 metros generado a partir de datos de altimetría del relieve. E14A39a2,México,/app/biblioteca/ficha.html?upc=889463846512,2020,,1:10 000,e14a39a2,,False,889463846512,/img/ico/ico_bil.png,MB,,,,bil,,3,42.16,1,False,False,/contenidos/productos/prod_serv/contenidos/espanol/bvinegi/productos/geografia/imagen_cartografica/1_10_000/lidar/1_5m/terreno/889463846512_b.zip,_blank,,margin-right:10px;,Terreno,889463846512_50
288,889463846642,Modelo digital de elevación de tipo terreno con resolución de 1.5 metros generado a partir de datos de altimetría del relieve. E14A39e3,Ciudad de México,/app/biblioteca/ficha.html?upc=889463846642,2020,,1:10 000,e14a39e3,,False,889463846642,/img/ico/ico_bil.png,MB,,,,bil,,3,47.21,1,False,False,/contenidos/productos/prod_serv/contenidos/espanol/bvinegi/productos/geografia/imagen_cartografica/1_10_000/lidar/1_5m/terreno/889463846642_b.zip,_blank,,margin-right:10px;,Terreno,889463846642_288
78,889463846536,Modelo digital de elevación de tipo terreno con resolución de 1.5 metros generado a partir de datos de altimetría del relieve. E14A39a4,México,/app/biblioteca/ficha.html?upc=889463846536,2020,,1:10 000,e14a39a4,,False,889463846536,/img/ico/ico_bil.png,MB,,,,bil,,3,48.22,1,False,False,/contenidos/productos/prod_serv/contenidos/espanol/bvinegi/productos/geografia/imagen_cartografica/1_10_000/lidar/1_5m/terreno/889463846536_b.zip,_blank,,margin-right:10px;,Terreno,889463846536_78
64,889463846529,Modelo digital de elevación de tipo terreno con resolución de 1.5 metros generado a partir de datos de altimetría del relieve. E14A39a3,México,/app/biblioteca/ficha.html?upc=889463846529,2020,,1:10 000,e14a39a3,,False,889463846529,/img/ico/ico_bil.png,MB,,,,bil,,3,51.87,1,False,False,/contenidos/productos/prod_serv/contenidos/espanol/bvinegi/productos/geografia/imagen_cartografica/1_10_000/lidar/1_5m/terreno/889463846529_b.zip,_blank,,margin-right:10px;,Terreno,889463846529_64
36,889463846499,Modelo digital de elevación de tipo terreno con resolución de 1.5 metros generado a partir de datos de altimetría del relieve. E14A38f4,México,/app/biblioteca/ficha.html?upc=889463846499,2020,,1:10 000,e14a38f4,,False,889463846499,/img/ico/ico_bil.png,MB,,,,bil,,3,55.27,1,False,False,/contenidos/productos/prod_serv/contenidos/espanol/bvinegi/productos/geografia/imagen_cartografica/1_10_000/lidar/1_5m/terreno/889463846499_b.zip,_blank,,margin-right:10px;,Terreno,889463846499_36
22,889463846475,Modelo digital de elevación de tipo terreno con resolución de 1.5 metros generado a partir de datos de altimetría del relieve. E14A38f2,México,/app/biblioteca/ficha.html?upc=889463846475,2020,,1:10 000,e14a38f2,,False,889463846475,/img/ico/ico_bil.png,MB,,,,bil,,3,56.83,1,False,False,/contenidos/productos/prod_serv/contenidos/espanol/bvinegi/productos/geografia/imagen_cartografica/1_10_000/lidar/1_5m/terreno/889463846475_b.zip,_blank,,margin-right:10px;,Terreno,889463846475_22
415,889463793540,Modelo digital de elevación tipo terreno con 5m de resolución derivado de datos de sensores remotos satelitales y aerotransportados. E14A49a4,"Ciudad de México, Morelos",/app/biblioteca/ficha.html?upc=889463793540,2018,,1:10 000,e14a49a4,ITRF08 época 2010.0.,False,889463793540,/img/ico/ico_grid.png,MB,,,,grid,,20,4.06,1,False,False,/contenidos/productos/prod_serv/contenidos/espanol/bvinegi/productos/geografia/imagen_cartografica/1_10_000/lidar/Terreno_ASCII/889463793540_gr.zip,_blank,,margin-right:10px;,Terreno,889463793540_415
395,889463793526,Modelo digital de elevación tipo terreno con 5m de resolución derivado de datos de sensores remotos satelitales y aerotransportados. E14A49a2,Ciudad de México,/app/biblioteca/ficha.html?upc=889463793526,2018,,1:10 000,e14a49a2,ITRF08 época 2010.0.,False,889463793526,/img/ico/ico_grid.png,MB,,,,grid,,20,4.27,1,False,False,/contenidos/productos/prod_serv/contenidos/espanol/bvinegi/productos/geografia/imagen_cartografica/1_10_000/lidar/Terreno_ASCII/889463793526_gr.zip,_blank,,margin-right:10px;,Terreno,889463793526_395
405,889463793533,Modelo digital de elevación tipo terreno con 5m de resolución derivado de datos de sensores remotos satelitales y aerotransportados. E14A49a3,"Ciudad de México, México, Morelos",/app/biblioteca/ficha.html?upc=889463793533,2018,,1:10 000,e14a49a3,ITRF08 época 2010.0.,False,889463793533,/img/ico/ico_grid.png,MB,,,,grid,,20,4.28,1,False,False,/contenidos/productos/prod_serv/contenidos/espanol/bvinegi/productos/geografia/imagen_cartografica/1_10_000/lidar/Terreno_ASCII/889463793533_gr.zip,_blank,,margin-right:10px;,Terreno,889463793533_405
385,889463793519,Modelo digital de elevación tipo terreno con 5m de resolución derivado de datos de sensores remotos satelitales y aerotransportados. E14A49a1,"Ciudad de México, México",/app/biblioteca/ficha.html?upc=889463793519,2018,,1:10 000,e14a49a1,ITRF08 época 2010.0.,False,889463793519,/img/ico/ico_grid.png,MB,,,,grid,,20,4.31,1,False,False,/contenidos/productos/prod_serv/contenidos/espanol/bvinegi/productos/geografia/imagen_cartografica/1_10_000/lidar/Terreno_ASCII/889463793519_gr.zip,_blank,,margin-right:10px;,Terreno,889463793519_385
375,889463793496,Modelo digital de elevación tipo terreno con 5m de resolución derivado de datos de sensores remotos satelitales y aerotransportados. E14A48c2,"Ciudad de México, México",/app/biblioteca/ficha.html?upc=889463793496,2018,,1:10 000,e14a48c2,ITRF08 época 2010.0.,False,889463793496,/img/ico/ico_grid.png,MB,,,,grid,,20,4.42,1,False,False,/contenidos/productos/prod_serv/contenidos/espanol/bvinegi/productos/geografia/imagen_cartografica/1_10_000/lidar/Terreno_ASCII/889463793496_gr.zip,_blank,,margin-right:10px;,Terreno,889463793496_375
597,702825778699,Modelo digital de elevación tipo terreno con 5m de resolución derivado de datos de sensores remotos satelitales y aerotransportados. Terreno. GRID. E14B41A2,México,/app/biblioteca/ficha.html?upc=702825778699,2012,,1:10 000,e14b41a2,ITRF92,False,702825778699,/img/ico/ico_grid.png,MB,,,,grid,,20,2.85,1,False,False,/contenidos/productos/prod_serv/contenidos/espanol/bvinegi/productos/geografia/imagen_cartografica/1_10_000/lidar/Terreno_GRID/702825778699_gr.zip,_blank,,,Terreno,702825778699_597
587,702825778651,Modelo digital de elevación tipo terreno con 5m de resolución derivado de datos de sensores remotos satelitales y aerotransportados. Terreno. GRID. E14B41A1,México,/app/biblioteca/ficha.html?upc=702825778651,2012,,1:10 000,e14b41a1,ITRF92,False,702825778651,/img/ico/ico_grid.png,MB,,,,grid,,20,3.03,1,False,False,/contenidos/productos/prod_serv/contenidos/espanol/bvinegi/productos/geografia/imagen_cartografica/1_10_000/lidar/Terreno_GRID/702825778651_gr.zip,_blank,,,Terreno,702825778651_587
607,702825778736,Modelo digital de elevación tipo terreno con 5m de resolución derivado de datos de sensores remotos satelitales y aerotransportados. Terreno. GRID. E14B41A3,México,/app/biblioteca/ficha.html?upc=702825778736,2012,,1:10 000,e14b41a3,ITRF92,False,702825778736,/img/ico/ico_grid.png,MB,,,,grid,,20,3.91,1,False,False,/contenidos/productos/prod_serv/contenidos/espanol/bvinegi/productos/geografia/imagen_cartografica/1_10_000/lidar/Terreno_GRID/702825778736_gr.zip,_blank,,,Terreno,702825778736_607
617,702825779054,Modelo digital de elevación tipo terreno con 5m de resolución derivado de datos de sensores remotos satelitales y aerotransportados. Terreno. GRID. E14B41D1,México,/app/biblioteca/ficha.html?upc=702825779054,2012,,1:10 000,e14b41d1,ITRF92,False,702825779054,/img/ico/ico_grid.png,MB,,,,grid,,20,3.99,1,False,False,/contenidos/productos/prod_serv/contenidos/espanol/bvinegi/productos/geografia/imagen_cartografica/1_10_000/lidar/Terreno_GRID/702825779054_gr.zip,_blank,,,Terreno,702825779054_617
577,702825776176,Modelo digital de elevación tipo terreno con 5m de resolución derivado de datos de sensores remotos satelitales y aerotransportados. Terreno. GRID. E14B31D3,México,/app/biblioteca/ficha.html?upc=702825776176,2011,,1:10 000,e14b31d3,ITRF92,False,702825776176,/img/ico/ico_grid.png,MB,,,,grid,,20,2.5,1,False,False,/contenidos/productos/prod_serv/contenidos/espanol/bvinegi/productos/geografia/imagen_cartografica/1_10_000/lidar/Terreno_GRID/702825776176_gr.zip,_blank,,,Terreno,702825776176_577
4,702825770655,"Modelos Digitales de Elevación de Alta Resolución LiDAR, con resolución de 5m. Terreno. GRID. E14A29E3",México,/app/biblioteca/ficha.html?upc=702825770655,2011,,1:10 000,e14a29e3,ITRF92,False,702825770655,/img/ico/ico_grid.png,MB,,,,grid,,20,2.83,1,False,False,/contenidos/productos/prod_serv/contenidos/espanol/bvinegi/productos/geografia/imagen_cartografica/1_10_000/lidar/Terreno_GRID/702825770655_gr.zip,_blank,,,Terreno,702825770655_4
567,702825776091,Modelo digital de elevación tipo terreno con 5m de resolución derivado de datos de sensores remotos satelitales y aerotransportados. Terreno. GRID. E14B31D1,México,/app/biblioteca/ficha.html?upc=702825776091,2011,,1:10 000,e14b31d1,ITRF92,False,702825776091,/img/ico/ico_grid.png,MB,,,,grid,,20,3.24,1,False,False,/contenidos/productos/prod_serv/contenidos/espanol/bvinegi/productos/geografia/imagen_cartografica/1_10_000/lidar/Terreno_GRID/702825776091_gr.zip,_blank,,,Terreno,702825776091_567
16,702825770815,"Modelos Digitales de Elevación de Alta Resolución LiDAR, con resolución de 5m. Terreno. GRID. E14A29F3",México,/app/biblioteca/ficha.html?upc=702825770815,2011,,1:10 000,e14a29f3,ITRF92,False,702825770815,/img/ico/ico_grid.png,MB,,,,grid,,20,3.29,1,False,False,/contenidos/productos/prod_serv/contenidos/espanol/bvinegi/productos/geografia/imagen_cartografica/1_10_000/lidar/Terreno_GRID/702825770815_gr.zip,_blank,,,Terreno,702825770815_16
8,702825770693,"Modelos Digitales de Elevación de Alta Resolución LiDAR, con resolución de 5m. Terreno. GRID. E14A29E4",México,/app/biblioteca/ficha.html?upc=702825770693,2011,,1:10 000,e14a29e4,ITRF92,False,702825770693,/img/ico/ico_grid.png,MB,,,,grid,,20,3.45,1,False,False,/contenidos/productos/prod_serv/contenidos/espanol/bvinegi/productos/geografia/imagen_cartografica/1_10_000/lidar/Terreno_GRID/702825770693_gr.zip,_blank,,,Terreno,702825770693_8
536,702825773298,"Modelos Digitales de Elevación de Alta Resolución LiDAR, con resolución de 5m. Terreno. GRID. E14A49E1",Ciudad de México,/app/biblioteca/ficha.html?upc=702825773298,2011,,1:10 000,e14a49e1,ITRF92,False,702825773298,/img/ico/ico_grid.png,MB,,,,grid,,20,3.74,1,False,False,/contenidos/productos/prod_serv/contenidos/espanol/bvinegi/productos/geografia/imagen_cartografica/1_10_000/lidar/Terreno_GRID/702825773298_gr.zip,_blank,,,Terreno,702825773298_536
548,702825773458,"Modelos Digitales de Elevación de Alta Resolución LiDAR, con resolución de 5m. Terreno. GRID. E14A49F1",Ciudad de México,/app/biblioteca/ficha.html?upc=702825773458,2011,,1:10 000,e14a49f1,ITRF92,False,702825773458,/img/ico/ico_grid.png,MB,,,,grid,,20,3.75,1,False,False,/contenidos/productos/prod_serv/contenidos/espanol/bvinegi/productos/geografia/imagen_cartografica/1_10_000/lidar/Terreno_GRID/702825773458_gr.zip,_blank,,,Terreno,702825773458_548
532,702825773175,"Modelos Digitales de Elevación de Alta Resolución LiDAR, con resolución de 5m. Terreno. GRID. E14A49D2",Ciudad de México,/app/biblioteca/ficha.html?upc=702825773175,2011,,1:10 000,e14a49d2,ITRF92,False,702825773175,/img/ico/ico_grid.png,MB,,,,grid,,20,3.78,1,False,False,/contenidos/productos/prod_serv/contenidos/espanol/bvinegi/productos/geografia/imagen_cartografica/1_10_000/lidar/Terreno_GRID/702825773175_gr.zip,_blank,,,Terreno,702825773175_532
540,702825773335,"Modelos Digitales de Elevación de Alta Resolución LiDAR, con resolución de 5m. Terreno. GRID. E14A49E2",Ciudad de México,/app/biblioteca/ficha.html?upc=702825773335,2011,,1:10 000,e14a49e2,ITRF92,False,702825773335,/img/ico/ico_grid.png,MB,,,,grid,,20,3.85,1,False,False,/contenidos/productos/prod_serv/contenidos/espanol/bvinegi/productos/geografia/imagen_cartografica/1_10_000/lidar/Terreno_GRID/702825773335_gr.zip,_blank,,,Terreno,702825773335_540
552,702825773496,"Modelos Digitales de Elevación de Alta Resolución LiDAR, con resolución de 5m. Terreno. GRID. E14A49F2",Ciudad de México,/app/biblioteca/ficha.html?upc=702825773496,2011,,1:10 000,e14a49f2,ITRF92,False,702825773496,/img/ico/ico_grid.png,MB,,,,grid,,20,3.89,1,False,False,/contenidos/productos/prod_serv/contenidos/espanol/bvinegi/productos/geografia/imagen_cartografica/1_10_000/lidar/Terreno_GRID/702825773496_gr.zip,_blank,,,Terreno,702825773496_552
544,702825773410,"Modelos Digitales de Elevación de Alta Resolución LiDAR, con resolución de 5m. Terreno. GRID. E14A49E4",Ciudad de México,/app/biblioteca/ficha.html?upc=702825773410,2011,,1:10 000,e14a49e4,ITRF92,False,702825773410,/img/ico/ico_grid.png,MB,,,,grid,,20,3.9,1,False,False,/contenidos/productos/prod_serv/contenidos/espanol/bvinegi/productos/geografia/imagen_cartografica/1_10_000/lidar/Terreno_GRID/702825773410_gr.zip,_blank,,,Terreno,702825773410_544
556,702825773533,"Modelos Digitales de Elevación de Alta Resolución LiDAR, con resolución de 5m. Terreno. GRID. E14A49F3",Ciudad de México,/app/biblioteca/ficha.html?upc=702825773533,2011,,1:10 000,e14a49f3,ITRF92,False,702825773533,/img/ico/ico_grid.png,MB,,,,grid,,20,3.98,1,False,False,/contenidos/productos/prod_serv/contenidos/espanol/bvinegi/productos/geografia/imagen_cartografica/1_10_000/lidar/Terreno_GRID/702825773533_gr.zip,_blank,,,Terreno,702825773533_556
560,702825773571,"Modelos Digitales de Elevación de Alta Resolución LiDAR, con resolución de 5m. Terreno. GRID. E14A49F4",Ciudad de México,/app/biblioteca/ficha.html?upc=702825773571,2011,,1:10 000,e14a49f4,ITRF92,False,702825773571,/img/ico/ico_grid.png,MB,,,,grid,,20,3.99,1,False,False,/contenidos/productos/prod_serv/contenidos/espanol/bvinegi/productos/geografia/imagen_cartografica/1_10_000/lidar/Terreno_GRID/702825773571_gr.zip,_blank,,,Terreno,702825773571_560
0,702825770617,"Modelos Digitales de Elevación de Alta Resolución LiDAR, con resolución de 5m. Terreno. GRID. E14A29E2",México,/app/biblioteca/ficha.html?upc=702825770617,2011,,1:10 000,e14a29e2,ITRF92,False,702825770617,/img/ico/ico_grid.png,MB,,,,grid,,20,4.04,1,False,False,/contenidos/productos/prod_serv/contenidos/espanol/bvinegi/productos/geografia/imagen_cartografica/1_10_000/lidar/Terreno_GRID/702825770617_gr.zip,_blank,,,Terreno,702825770617_0
12,702825770730,"Modelos Digitales de Elevación de Alta Resolución LiDAR, con resolución de 5m. Terreno. GRID. E14A29F1",México,/app/biblioteca/ficha.html?upc=702825770730,2011,,1:10 000,e14a29f1,ITRF92,False,702825770730,/img/ico/ico_grid.png,MB,,,,grid,,20,4.06,1,False,False,/contenidos/productos/prod_serv/contenidos/espanol/bvinegi/productos/geografia/imagen_cartografica/1_10_000/lidar/Terreno_GRID/702825770730_gr.zip,_blank,,,Terreno,702825770730_12
